-- phpMyAdmin SQL Dump
-- version 5.1.1
-- https://www.phpmyadmin.net/
--
-- Host: localhost
-- Generation Time: Dec 28, 2021 at 03:04 AM
-- Server version: 10.4.20-MariaDB
-- PHP Version: 7.4.22

SET SQL_MODE = "NO_AUTO_VALUE_ON_ZERO";
START TRANSACTION;
SET time_zone = "+00:00";


/*!40101 SET @OLD_CHARACTER_SET_CLIENT=@@CHARACTER_SET_CLIENT */;
/*!40101 SET @OLD_CHARACTER_SET_RESULTS=@@CHARACTER_SET_RESULTS */;
/*!40101 SET @OLD_COLLATION_CONNECTION=@@COLLATION_CONNECTION */;
/*!40101 SET NAMES utf8mb4 */;

--
-- Database: `layanan`
--

-- --------------------------------------------------------

--
-- Table structure for table `ci_sessions`
--

CREATE TABLE `ci_sessions` (
  `id` varchar(128) NOT NULL,
  `ip_address` varchar(45) NOT NULL,
  `timestamp` int(10) UNSIGNED NOT NULL DEFAULT 0,
  `data` blob NOT NULL
) ENGINE=InnoDB DEFAULT CHARSET=utf8;

--
-- Dumping data for table `ci_sessions`
--

INSERT INTO `ci_sessions` (`id`, `ip_address`, `timestamp`, `data`) VALUES
('ef199fc02c64a0057f5d953c2932e59e1fbbe604', '::1', 1640333210, 0x5f5f63695f6c6173745f726567656e65726174657c693a313634303333333231303b69647c733a313a2231223b6e616d617c733a353a2261646d696e223b757365726e616d657c733a353a2261646d696e223b70617373776f72647c733a36303a22243279243130247a79595542626172416b66484564514a6d6f6e585475334d4e6c6468534a656b6d792e59305562447247415039793858366d5a4853223b69735f6163746976657c733a323a225961223b637265617465645f61747c733a31393a22323032312d31322d32342031323a30303a3434223b726f6c65737c613a313a7b693a303b733a353a2241646d696e223b7d),
('3fd35f888f561d2e5243d30f353b05ee8f47f1d7', '::1', 1640333533, 0x5f5f63695f6c6173745f726567656e65726174657c693a313634303333333533333b69647c733a313a2231223b6e616d617c733a353a2261646d696e223b757365726e616d657c733a353a2261646d696e223b70617373776f72647c733a36303a22243279243130247a79595542626172416b66484564514a6d6f6e585475334d4e6c6468534a656b6d792e59305562447247415039793858366d5a4853223b69735f6163746976657c733a323a225961223b637265617465645f61747c733a31393a22323032312d31322d32342031323a30303a3434223b726f6c65737c613a313a7b693a303b733a353a2241646d696e223b7d),
('e4a95c05e5770006882a2ff66299513defe753ba', '::1', 1640341756, 0x5f5f63695f6c6173745f726567656e65726174657c693a313634303334313735363b69647c733a313a2231223b6e616d617c733a353a2261646d696e223b757365726e616d657c733a353a2261646d696e223b70617373776f72647c733a36303a22243279243130247a79595542626172416b66484564514a6d6f6e585475334d4e6c6468534a656b6d792e59305562447247415039793858366d5a4853223b69735f6163746976657c733a323a225961223b637265617465645f61747c733a31393a22323032312d31322d32342031323a30303a3434223b726f6c65737c613a313a7b693a303b733a353a2241646d696e223b7d),
('559e3a571b1718a0940eb3a206cc92704e3fddab', '::1', 1640342067, 0x5f5f63695f6c6173745f726567656e65726174657c693a313634303334323036373b69647c733a313a2231223b6e616d617c733a353a2261646d696e223b757365726e616d657c733a353a2261646d696e223b70617373776f72647c733a36303a22243279243130247a79595542626172416b66484564514a6d6f6e585475334d4e6c6468534a656b6d792e59305562447247415039793858366d5a4853223b69735f6163746976657c733a323a225961223b637265617465645f61747c733a31393a22323032312d31322d32342031323a30303a3434223b726f6c65737c613a313a7b693a303b733a353a2241646d696e223b7d),
('05426deb5876ca55eb1cac5b6c0786b3213a2f3e', '::1', 1640342401, 0x5f5f63695f6c6173745f726567656e65726174657c693a313634303334323430313b69647c733a313a2231223b6e616d617c733a353a2261646d696e223b757365726e616d657c733a353a2261646d696e223b70617373776f72647c733a36303a22243279243130247a79595542626172416b66484564514a6d6f6e585475334d4e6c6468534a656b6d792e59305562447247415039793858366d5a4853223b69735f6163746976657c733a323a225961223b637265617465645f61747c733a31393a22323032312d31322d32342031323a30303a3434223b726f6c65737c613a313a7b693a303b733a353a2241646d696e223b7d),
('e3e0623026939e9025b85639e8a9128f7f36f3b1', '::1', 1640342730, 0x5f5f63695f6c6173745f726567656e65726174657c693a313634303334323733303b69647c733a313a2231223b6e616d617c733a353a2261646d696e223b757365726e616d657c733a353a2261646d696e223b70617373776f72647c733a36303a22243279243130247a79595542626172416b66484564514a6d6f6e585475334d4e6c6468534a656b6d792e59305562447247415039793858366d5a4853223b69735f6163746976657c733a323a225961223b637265617465645f61747c733a31393a22323032312d31322d32342031323a30303a3434223b726f6c65737c613a313a7b693a303b733a353a2241646d696e223b7d),
('b4a574b83151cc7c163de04d203275c9c83fef4e', '::1', 1640343069, 0x5f5f63695f6c6173745f726567656e65726174657c693a313634303334333036393b69647c733a313a2231223b6e616d617c733a353a2261646d696e223b757365726e616d657c733a353a2261646d696e223b70617373776f72647c733a36303a22243279243130247a79595542626172416b66484564514a6d6f6e585475334d4e6c6468534a656b6d792e59305562447247415039793858366d5a4853223b69735f6163746976657c733a323a225961223b637265617465645f61747c733a31393a22323032312d31322d32342031323a30303a3434223b726f6c65737c613a313a7b693a303b733a353a2241646d696e223b7d),
('71d3a8f476b41b826b4f94fc2030b28125991cad', '::1', 1640343680, 0x5f5f63695f6c6173745f726567656e65726174657c693a313634303334333638303b69647c733a313a2231223b6e616d617c733a353a2261646d696e223b757365726e616d657c733a353a2261646d696e223b70617373776f72647c733a36303a22243279243130247a79595542626172416b66484564514a6d6f6e585475334d4e6c6468534a656b6d792e59305562447247415039793858366d5a4853223b69735f6163746976657c733a323a225961223b637265617465645f61747c733a31393a22323032312d31322d32342031323a30303a3434223b726f6c65737c613a313a7b693a303b733a353a2241646d696e223b7d),
('9bdb943b13cb76f89c4c16d132efbb72fad416c9', '::1', 1640346516, 0x5f5f63695f6c6173745f726567656e65726174657c693a313634303334363531363b69647c733a313a2231223b6e616d617c733a353a2261646d696e223b757365726e616d657c733a353a2261646d696e223b70617373776f72647c733a36303a22243279243130247a79595542626172416b66484564514a6d6f6e585475334d4e6c6468534a656b6d792e59305562447247415039793858366d5a4853223b69735f6163746976657c733a323a225961223b637265617465645f61747c733a31393a22323032312d31322d32342031323a30303a3434223b726f6c65737c613a313a7b693a303b733a353a2241646d696e223b7d),
('25e2539d14fa123d619dda4e2a75f048933087ef', '::1', 1640349897, 0x5f5f63695f6c6173745f726567656e65726174657c693a313634303334393839373b69647c733a313a2231223b6e616d617c733a353a2261646d696e223b757365726e616d657c733a353a2261646d696e223b70617373776f72647c733a36303a22243279243130247a79595542626172416b66484564514a6d6f6e585475334d4e6c6468534a656b6d792e59305562447247415039793858366d5a4853223b69735f6163746976657c733a323a225961223b637265617465645f61747c733a31393a22323032312d31322d32342031323a30303a3434223b726f6c65737c613a313a7b693a303b733a353a2241646d696e223b7d),
('d9d95a021eb271fec9bdb686aaf069c6291f8e3f', '::1', 1640350269, 0x5f5f63695f6c6173745f726567656e65726174657c693a313634303335303236393b69647c733a313a2231223b6e616d617c733a353a2261646d696e223b757365726e616d657c733a353a2261646d696e223b70617373776f72647c733a36303a22243279243130247a79595542626172416b66484564514a6d6f6e585475334d4e6c6468534a656b6d792e59305562447247415039793858366d5a4853223b69735f6163746976657c733a323a225961223b637265617465645f61747c733a31393a22323032312d31322d32342031323a30303a3434223b726f6c65737c613a313a7b693a303b733a353a2241646d696e223b7d),
('4d312f3c13f25a69a781d2a1801c7f5fc90ec936', '::1', 1640350629, 0x5f5f63695f6c6173745f726567656e65726174657c693a313634303335303632393b69647c733a313a2231223b6e616d617c733a353a2261646d696e223b757365726e616d657c733a353a2261646d696e223b70617373776f72647c733a36303a22243279243130247a79595542626172416b66484564514a6d6f6e585475334d4e6c6468534a656b6d792e59305562447247415039793858366d5a4853223b69735f6163746976657c733a323a225961223b637265617465645f61747c733a31393a22323032312d31322d32342031323a30303a3434223b726f6c65737c613a313a7b693a303b733a353a2241646d696e223b7d),
('912f5a60b5a3d5604d4ef421d1d073e38e4ec0ab', '::1', 1640351402, 0x5f5f63695f6c6173745f726567656e65726174657c693a313634303335313430323b69647c733a313a2231223b6e616d617c733a353a2261646d696e223b757365726e616d657c733a353a2261646d696e223b70617373776f72647c733a36303a22243279243130247a79595542626172416b66484564514a6d6f6e585475334d4e6c6468534a656b6d792e59305562447247415039793858366d5a4853223b69735f6163746976657c733a323a225961223b637265617465645f61747c733a31393a22323032312d31322d32342031323a30303a3434223b726f6c65737c613a313a7b693a303b733a353a2241646d696e223b7d),
('48dd00797f9648aca319b63a1138f150fee4d067', '::1', 1640351798, 0x5f5f63695f6c6173745f726567656e65726174657c693a313634303335313739383b69647c733a313a2231223b6e616d617c733a353a2261646d696e223b757365726e616d657c733a353a2261646d696e223b70617373776f72647c733a36303a22243279243130247a79595542626172416b66484564514a6d6f6e585475334d4e6c6468534a656b6d792e59305562447247415039793858366d5a4853223b69735f6163746976657c733a323a225961223b637265617465645f61747c733a31393a22323032312d31322d32342031323a30303a3434223b726f6c65737c613a313a7b693a303b733a353a2241646d696e223b7d),
('e936698b4f6865438a89b10116f92fde7d375e0b', '::1', 1640357337, 0x5f5f63695f6c6173745f726567656e65726174657c693a313634303335373333373b69647c733a313a2231223b6e616d617c733a353a2261646d696e223b757365726e616d657c733a353a2261646d696e223b70617373776f72647c733a36303a22243279243130247a79595542626172416b66484564514a6d6f6e585475334d4e6c6468534a656b6d792e59305562447247415039793858366d5a4853223b69735f6163746976657c733a323a225961223b637265617465645f61747c733a31393a22323032312d31322d32342031323a30303a3434223b726f6c65737c613a313a7b693a303b733a353a2241646d696e223b7d),
('c7ff30789483a4bffe3ebeb3622bb375be7f9aa5', '::1', 1640359483, 0x5f5f63695f6c6173745f726567656e65726174657c693a313634303335393438333b69647c733a313a2231223b6e616d617c733a353a2261646d696e223b757365726e616d657c733a353a2261646d696e223b70617373776f72647c733a36303a22243279243130247a79595542626172416b66484564514a6d6f6e585475334d4e6c6468534a656b6d792e59305562447247415039793858366d5a4853223b69735f6163746976657c733a323a225961223b637265617465645f61747c733a31393a22323032312d31322d32342031323a30303a3434223b726f6c65737c613a313a7b693a303b733a353a2241646d696e223b7d),
('70a71422d69a9be2f2c7534d2efec89c07bba97d', '::1', 1640359996, 0x5f5f63695f6c6173745f726567656e65726174657c693a313634303335393939363b69647c733a313a2231223b6e616d617c733a353a2261646d696e223b757365726e616d657c733a353a2261646d696e223b70617373776f72647c733a36303a22243279243130247a79595542626172416b66484564514a6d6f6e585475334d4e6c6468534a656b6d792e59305562447247415039793858366d5a4853223b69735f6163746976657c733a323a225961223b637265617465645f61747c733a31393a22323032312d31322d32342031323a30303a3434223b726f6c65737c613a313a7b693a303b733a353a2241646d696e223b7d),
('312c52cd22c62b04a31b96999577126e29598d97', '::1', 1640397966, 0x5f5f63695f6c6173745f726567656e65726174657c693a313634303339373936363b69647c733a313a2231223b6e616d617c733a353a2261646d696e223b757365726e616d657c733a353a2261646d696e223b70617373776f72647c733a36303a22243279243130247a79595542626172416b66484564514a6d6f6e585475334d4e6c6468534a656b6d792e59305562447247415039793858366d5a4853223b69735f6163746976657c733a323a225961223b637265617465645f61747c733a31393a22323032312d31322d32342031323a30303a3434223b726f6c65737c613a313a7b693a303b733a353a2241646d696e223b7d),
('605648d0e20dc0fb2aaa243515a22284d093db2d', '::1', 1640400918, 0x5f5f63695f6c6173745f726567656e65726174657c693a313634303430303931383b69647c733a313a2231223b6e616d617c733a353a2261646d696e223b757365726e616d657c733a353a2261646d696e223b70617373776f72647c733a36303a22243279243130247a79595542626172416b66484564514a6d6f6e585475334d4e6c6468534a656b6d792e59305562447247415039793858366d5a4853223b69735f6163746976657c733a323a225961223b637265617465645f61747c733a31393a22323032312d31322d32342031323a30303a3434223b726f6c65737c613a313a7b693a303b733a353a2241646d696e223b7d),
('99ed6f979e3d2c3b390a4eb248cdac4f8334062c', '::1', 1640401236, 0x5f5f63695f6c6173745f726567656e65726174657c693a313634303430313233363b69647c733a313a2231223b6e616d617c733a353a2261646d696e223b757365726e616d657c733a353a2261646d696e223b70617373776f72647c733a36303a22243279243130247a79595542626172416b66484564514a6d6f6e585475334d4e6c6468534a656b6d792e59305562447247415039793858366d5a4853223b69735f6163746976657c733a323a225961223b637265617465645f61747c733a31393a22323032312d31322d32342031323a30303a3434223b726f6c65737c613a313a7b693a303b733a353a2241646d696e223b7d),
('ca8e79b45205f5861756b2fcab5451d37616b6f1', '::1', 1640401904, 0x5f5f63695f6c6173745f726567656e65726174657c693a313634303430313930343b69647c733a313a2231223b6e616d617c733a353a2261646d696e223b757365726e616d657c733a353a2261646d696e223b70617373776f72647c733a36303a22243279243130247a79595542626172416b66484564514a6d6f6e585475334d4e6c6468534a656b6d792e59305562447247415039793858366d5a4853223b69735f6163746976657c733a323a225961223b637265617465645f61747c733a31393a22323032312d31322d32342031323a30303a3434223b726f6c65737c613a313a7b693a303b733a353a2241646d696e223b7d),
('6ba83547624f6a3ec2711f4eff40a71d867f3b20', '::1', 1640402229, 0x5f5f63695f6c6173745f726567656e65726174657c693a313634303430323232393b69647c733a313a2231223b6e616d617c733a353a2261646d696e223b757365726e616d657c733a353a2261646d696e223b70617373776f72647c733a36303a22243279243130247a79595542626172416b66484564514a6d6f6e585475334d4e6c6468534a656b6d792e59305562447247415039793858366d5a4853223b69735f6163746976657c733a323a225961223b637265617465645f61747c733a31393a22323032312d31322d32342031323a30303a3434223b726f6c65737c613a313a7b693a303b733a353a2241646d696e223b7d),
('a10448b6a69280f8213817f2cc5c16b24241cc97', '::1', 1640402700, 0x5f5f63695f6c6173745f726567656e65726174657c693a313634303430323730303b69647c733a313a2231223b6e616d617c733a353a2261646d696e223b757365726e616d657c733a353a2261646d696e223b70617373776f72647c733a36303a22243279243130247a79595542626172416b66484564514a6d6f6e585475334d4e6c6468534a656b6d792e59305562447247415039793858366d5a4853223b69735f6163746976657c733a323a225961223b637265617465645f61747c733a31393a22323032312d31322d32342031323a30303a3434223b726f6c65737c613a313a7b693a303b733a353a2241646d696e223b7d),
('980db93f1ad8a90cb8b9462d8c7d11d35639d8ca', '::1', 1640403096, 0x5f5f63695f6c6173745f726567656e65726174657c693a313634303430333039363b69647c733a313a2231223b6e616d617c733a353a2261646d696e223b757365726e616d657c733a353a2261646d696e223b70617373776f72647c733a36303a22243279243130247a79595542626172416b66484564514a6d6f6e585475334d4e6c6468534a656b6d792e59305562447247415039793858366d5a4853223b69735f6163746976657c733a323a225961223b637265617465645f61747c733a31393a22323032312d31322d32342031323a30303a3434223b726f6c65737c613a313a7b693a303b733a353a2241646d696e223b7d),
('2fa61b412597343499c33aa9d324158e26ddfed1', '::1', 1640403426, 0x5f5f63695f6c6173745f726567656e65726174657c693a313634303430333432363b69647c733a313a2231223b6e616d617c733a353a2261646d696e223b757365726e616d657c733a353a2261646d696e223b70617373776f72647c733a36303a22243279243130247a79595542626172416b66484564514a6d6f6e585475334d4e6c6468534a656b6d792e59305562447247415039793858366d5a4853223b69735f6163746976657c733a323a225961223b637265617465645f61747c733a31393a22323032312d31322d32342031323a30303a3434223b726f6c65737c613a313a7b693a303b733a353a2241646d696e223b7d),
('b810674522a173e33c4a4d6a9be37df08596485e', '::1', 1640403836, 0x5f5f63695f6c6173745f726567656e65726174657c693a313634303430333833363b69647c733a313a2231223b6e616d617c733a353a2261646d696e223b757365726e616d657c733a353a2261646d696e223b70617373776f72647c733a36303a22243279243130247a79595542626172416b66484564514a6d6f6e585475334d4e6c6468534a656b6d792e59305562447247415039793858366d5a4853223b69735f6163746976657c733a323a225961223b637265617465645f61747c733a31393a22323032312d31322d32342031323a30303a3434223b726f6c65737c613a313a7b693a303b733a353a2241646d696e223b7d),
('353ff4ef85591c2d0a06c88eb8188a57699f849e', '::1', 1640404049, 0x5f5f63695f6c6173745f726567656e65726174657c693a313634303430333833363b69647c733a313a2231223b6e616d617c733a353a2261646d696e223b757365726e616d657c733a353a2261646d696e223b70617373776f72647c733a36303a22243279243130247a79595542626172416b66484564514a6d6f6e585475334d4e6c6468534a656b6d792e59305562447247415039793858366d5a4853223b69735f6163746976657c733a323a225961223b637265617465645f61747c733a31393a22323032312d31322d32342031323a30303a3434223b726f6c65737c613a313a7b693a303b733a353a2241646d696e223b7d),
('95cv7c2t9kr5ig57vgmpfrnnr5tlom5u', '::1', 1640580653, 0x5f5f63695f6c6173745f726567656e65726174657c693a313634303538303635333b69647c733a313a2231223b6e616d617c733a353a2261646d696e223b757365726e616d657c733a353a2261646d696e223b70617373776f72647c733a36303a22243279243130246f7a796372757975567868654f786d4c6363496f642e68417071616b4257596664375839474c43617341672e6b4d51305070464247223b69735f6163746976657c733a323a225961223b637265617465645f61747c733a31393a22323032312d31322d32342031323a30303a3434223b726f6c65737c613a313a7b693a303b733a353a2241646d696e223b7d),
('51fbe1m4fumqt2lahti8evakvq5914h3', '::1', 1640580955, 0x5f5f63695f6c6173745f726567656e65726174657c693a313634303538303935353b69647c733a313a2231223b6e616d617c733a353a2261646d696e223b757365726e616d657c733a353a2261646d696e223b70617373776f72647c733a36303a22243279243130246f7a796372757975567868654f786d4c6363496f642e68417071616b4257596664375839474c43617341672e6b4d51305070464247223b69735f6163746976657c733a323a225961223b637265617465645f61747c733a31393a22323032312d31322d32342031323a30303a3434223b726f6c65737c613a313a7b693a303b733a353a2241646d696e223b7d),
('r3i56iqivnhb5m7egh9lk7u3ruuldie3', '::1', 1640581442, 0x5f5f63695f6c6173745f726567656e65726174657c693a313634303538313434323b69647c733a313a2231223b6e616d617c733a353a2261646d696e223b757365726e616d657c733a353a2261646d696e223b70617373776f72647c733a36303a22243279243130246f7a796372757975567868654f786d4c6363496f642e68417071616b4257596664375839474c43617341672e6b4d51305070464247223b69735f6163746976657c733a323a225961223b637265617465645f61747c733a31393a22323032312d31322d32342031323a30303a3434223b726f6c65737c613a313a7b693a303b733a353a2241646d696e223b7d),
('ftl3am1p743hp1nu19ofskk3q2p6da55', '::1', 1640581748, 0x5f5f63695f6c6173745f726567656e65726174657c693a313634303538313734383b69647c733a313a2231223b6e616d617c733a353a2261646d696e223b757365726e616d657c733a353a2261646d696e223b70617373776f72647c733a36303a22243279243130246f7a796372757975567868654f786d4c6363496f642e68417071616b4257596664375839474c43617341672e6b4d51305070464247223b69735f6163746976657c733a323a225961223b637265617465645f61747c733a31393a22323032312d31322d32342031323a30303a3434223b726f6c65737c613a313a7b693a303b733a353a2241646d696e223b7d),
('ffun2912eag83nq77hom6f8sth6j2orv', '::1', 1640582458, 0x5f5f63695f6c6173745f726567656e65726174657c693a313634303538323435383b69647c733a313a2231223b6e616d617c733a353a2261646d696e223b757365726e616d657c733a353a2261646d696e223b70617373776f72647c733a36303a22243279243130246f7a796372757975567868654f786d4c6363496f642e68417071616b4257596664375839474c43617341672e6b4d51305070464247223b69735f6163746976657c733a323a225961223b637265617465645f61747c733a31393a22323032312d31322d32342031323a30303a3434223b726f6c65737c613a313a7b693a303b733a353a2241646d696e223b7d),
('q80gc9n2c0dmmbrnt6mbjvdoil88jpva', '::1', 1640586444, 0x5f5f63695f6c6173745f726567656e65726174657c693a313634303538363434343b69647c733a313a2231223b6e616d617c733a353a2261646d696e223b757365726e616d657c733a353a2261646d696e223b70617373776f72647c733a36303a22243279243130246f7a796372757975567868654f786d4c6363496f642e68417071616b4257596664375839474c43617341672e6b4d51305070464247223b69735f6163746976657c733a323a225961223b637265617465645f61747c733a31393a22323032312d31322d32342031323a30303a3434223b726f6c65737c613a313a7b693a303b733a353a2241646d696e223b7d),
('58qqcf18jk930n4gpd7ea1qbbt1f67a3', '::1', 1640586775, 0x5f5f63695f6c6173745f726567656e65726174657c693a313634303538363737353b69647c733a313a2231223b6e616d617c733a353a2261646d696e223b757365726e616d657c733a353a2261646d696e223b70617373776f72647c733a36303a22243279243130246f7a796372757975567868654f786d4c6363496f642e68417071616b4257596664375839474c43617341672e6b4d51305070464247223b69735f6163746976657c733a323a225961223b637265617465645f61747c733a31393a22323032312d31322d32342031323a30303a3434223b726f6c65737c613a313a7b693a303b733a353a2241646d696e223b7d),
('etgnjmd5h73quhp64lku63kmet1ls7d8', '::1', 1640587487, 0x5f5f63695f6c6173745f726567656e65726174657c693a313634303538373438373b69647c733a313a2231223b6e616d617c733a353a2261646d696e223b757365726e616d657c733a353a2261646d696e223b70617373776f72647c733a36303a22243279243130246f7a796372757975567868654f786d4c6363496f642e68417071616b4257596664375839474c43617341672e6b4d51305070464247223b69735f6163746976657c733a323a225961223b637265617465645f61747c733a31393a22323032312d31322d32342031323a30303a3434223b726f6c65737c613a313a7b693a303b733a353a2241646d696e223b7d),
('k5gfr080dkmdvr05lcljejarr745q06g', '::1', 1640588915, 0x5f5f63695f6c6173745f726567656e65726174657c693a313634303538383931353b69647c733a313a2231223b6e616d617c733a353a2261646d696e223b757365726e616d657c733a353a2261646d696e223b70617373776f72647c733a36303a22243279243130246f7a796372757975567868654f786d4c6363496f642e68417071616b4257596664375839474c43617341672e6b4d51305070464247223b69735f6163746976657c733a323a225961223b637265617465645f61747c733a31393a22323032312d31322d32342031323a30303a3434223b726f6c65737c613a313a7b693a303b733a353a2241646d696e223b7d),
('fae1ri1ust089p04ctcqm1miu87nneuo', '::1', 1640588915, 0x5f5f63695f6c6173745f726567656e65726174657c693a313634303538383931353b69647c733a313a2231223b6e616d617c733a353a2261646d696e223b757365726e616d657c733a353a2261646d696e223b70617373776f72647c733a36303a22243279243130246f7a796372757975567868654f786d4c6363496f642e68417071616b4257596664375839474c43617341672e6b4d51305070464247223b69735f6163746976657c733a323a225961223b637265617465645f61747c733a31393a22323032312d31322d32342031323a30303a3434223b726f6c65737c613a313a7b693a303b733a353a2241646d696e223b7d),
('28be6ccabc1ed1d432dca177dbf77c1036e96825', '36.68.159.147', 1640615531, 0x5f5f63695f6c6173745f726567656e65726174657c693a313634303631353533313b69647c733a313a2231223b6e616d617c733a353a2261646d696e223b757365726e616d657c733a353a2261646d696e223b70617373776f72647c733a36303a22243279243130246f7a796372757975567868654f786d4c6363496f642e68417071616b4257596664375839474c43617341672e6b4d51305070464247223b69735f6163746976657c733a323a225961223b637265617465645f61747c733a31393a22323032312d31322d32342031323a30303a3434223b726f6c65737c613a313a7b693a303b733a353a2241646d696e223b7d),
('eae70c90ff6a94f7fa1c5017e0faa12b785acf8e', '36.68.159.147', 1640616192, 0x5f5f63695f6c6173745f726567656e65726174657c693a313634303631363139323b69647c733a313a2231223b6e616d617c733a353a2261646d696e223b757365726e616d657c733a353a2261646d696e223b70617373776f72647c733a36303a22243279243130246f7a796372757975567868654f786d4c6363496f642e68417071616b4257596664375839474c43617341672e6b4d51305070464247223b69735f6163746976657c733a323a225961223b637265617465645f61747c733a31393a22323032312d31322d32342031323a30303a3434223b726f6c65737c613a313a7b693a303b733a353a2241646d696e223b7d),
('eb9139e722ab4b8966ec52a1c8e8eb020f79b145', '36.68.159.147', 1640616308, 0x5f5f63695f6c6173745f726567656e65726174657c693a313634303631363139323b69647c733a313a2231223b6e616d617c733a353a2261646d696e223b757365726e616d657c733a353a2261646d696e223b70617373776f72647c733a36303a22243279243130246f7a796372757975567868654f786d4c6363496f642e68417071616b4257596664375839474c43617341672e6b4d51305070464247223b69735f6163746976657c733a323a225961223b637265617465645f61747c733a31393a22323032312d31322d32342031323a30303a3434223b726f6c65737c613a313a7b693a303b733a353a2241646d696e223b7d),
('eacfff8a02f9c9936779ca437b4a274d47dea734', '::1', 1640616919, 0x5f5f63695f6c6173745f726567656e65726174657c693a313634303631363931393b),
('0ed7b6cdd71518cb2d67a13a00144828986297bd', '::1', 1640616920, ''),
('613e68d6410da58ff8c372d690644d98037c99b7', '::1', 1640616920, 0x5f5f63695f6c6173745f726567656e65726174657c693a313634303631363932303b),
('312e183deff9e0e9bf5960fa4880c8db757f6f77', '::1', 1640618940, 0x5f5f63695f6c6173745f726567656e65726174657c693a313634303631383934303b69647c733a313a2231223b6e616d617c733a353a2261646d696e223b757365726e616d657c733a353a2261646d696e223b70617373776f72647c733a36303a22243279243130246f7a796372757975567868654f786d4c6363496f642e68417071616b4257596664375839474c43617341672e6b4d51305070464247223b69735f6163746976657c733a323a225961223b637265617465645f61747c733a31393a22323032312d31322d32342031323a30303a3434223b726f6c65737c613a313a7b693a303b733a353a2241646d696e223b7d),
('b949b13da1c94f0afa6ae7c389a8309aec3aab8d', '::1', 1640616972, 0x5f5f63695f6c6173745f726567656e65726174657c693a313634303631363937323b),
('9e74127b94ba3e0c786c4e8ab387d7333af36f9e', '::1', 1640617003, 0x5f5f63695f6c6173745f726567656e65726174657c693a313634303631373030333b),
('d825294330ef19288fd7cb7c93220eb16744f0a3', '::1', 1640617004, ''),
('171eb69f6021080dfc6d1e36ca3baf786ca431c2', '::1', 1640617020, 0x5f5f63695f6c6173745f726567656e65726174657c693a313634303631373032303b),
('31b28aae36378b227e3cafe9dbb4f15b69105824', '::1', 1640617020, ''),
('7500977c8ac5c9fdefb71eab6947411b2bb1d5a1', '::1', 1640617105, 0x5f5f63695f6c6173745f726567656e65726174657c693a313634303631373130353b),
('82d3ceb6eb7274279e5901512b8403a86527b808', '::1', 1640617105, ''),
('6d47c667bde260ae8c43ef932086416e23634533', '::1', 1640617679, 0x5f5f63695f6c6173745f726567656e65726174657c693a313634303631373637393b),
('a1be2e994f4c12db5078b47e5cd6fa0f4e869b9f', '::1', 1640617679, ''),
('6e85ccc343273c2f3f21f71bd6b94fae738fbc39', '::1', 1640617719, 0x5f5f63695f6c6173745f726567656e65726174657c693a313634303631373731393b),
('e2a893d76482af1f75d7e7b9d5d96fb7f6729f9a', '::1', 1640617720, ''),
('5bd701d287827d805994f045b7ff626582eff72a', '::1', 1640617923, 0x5f5f63695f6c6173745f726567656e65726174657c693a313634303631373932333b),
('43dccc6fb41f6550392921216915d5331d4768eb', '::1', 1640617923, ''),
('a98379c537342fc35410cf5bde4d0d3026d77d04', '::1', 1640618043, 0x5f5f63695f6c6173745f726567656e65726174657c693a313634303631383034333b),
('59ac444c9e1afd92662db1aeafb4b80b50fdde93', '::1', 1640618043, ''),
('124a0606d5748336401cb6bdb207c0c1410b5dfc', '::1', 1640618086, 0x5f5f63695f6c6173745f726567656e65726174657c693a313634303631383038363b),
('eb5d88d547d59530848ac6235968b97596f6795d', '::1', 1640618086, ''),
('9ea3fa5c5472f7f3487d53621d3583be3e24cd10', '::1', 1640618149, 0x5f5f63695f6c6173745f726567656e65726174657c693a313634303631383134383b),
('686ab113a907d912ec5ddca58b3d4515fce55167', '::1', 1640618149, ''),
('118c1ef9c1cfbdce5591fd70e17a972fcf721cbc', '::1', 1640618161, 0x5f5f63695f6c6173745f726567656e65726174657c693a313634303631383136313b),
('145058a5b59c64c1a10891fd1ce6423e8ce54145', '::1', 1640618161, ''),
('4125c21dec86850c2affff6e0315585424a868be', '::1', 1640618254, 0x5f5f63695f6c6173745f726567656e65726174657c693a313634303631383235343b),
('07ee9108b117f5ac06092a7d407cc78c791ea67c', '::1', 1640618254, ''),
('a395eb7964c3c1991875d708983a4294b419826e', '::1', 1640618277, 0x5f5f63695f6c6173745f726567656e65726174657c693a313634303631383237373b),
('a17d4bea6afbecd0c32aef3336279a5758470875', '::1', 1640618277, ''),
('31ef6b6d03d2772fecd08afe90b92090bec0c903', '::1', 1640618295, 0x5f5f63695f6c6173745f726567656e65726174657c693a313634303631383239353b),
('ea32b56491bf2b3181061f889fc2f3444bc67f53', '::1', 1640618295, ''),
('a95cd4fbe8879fd29250de9d3aeb0f25227371de', '::1', 1640618364, 0x5f5f63695f6c6173745f726567656e65726174657c693a313634303631383336343b),
('a9d843dd1e5f65cef1f1aeaa9a8c80f2ed46eb24', '::1', 1640618364, ''),
('f01aa8c297ca97aca95decb4a4a2d944a41e6212', '::1', 1640618393, 0x5f5f63695f6c6173745f726567656e65726174657c693a313634303631383339333b),
('a0e5fcd5e51a76ef9af0afe065f515b66e37e27b', '::1', 1640618393, ''),
('ba701c77ea86c5ee4cb747c433f3ea4547448045', '::1', 1640618426, 0x5f5f63695f6c6173745f726567656e65726174657c693a313634303631383432363b),
('fcbb121fd3a02fd91c400ceb536d238d0305b1f5', '::1', 1640618426, ''),
('c8969af37f0e29d7488fa9148cb07126834f60fd', '::1', 1640618472, 0x5f5f63695f6c6173745f726567656e65726174657c693a313634303631383437323b),
('dd2f83f369abd4e297637a202fb9f1dc52373a3b', '::1', 1640618472, ''),
('dd46330f87e0c4e55da53e05657a7b9194821c21', '::1', 1640618479, 0x5f5f63695f6c6173745f726567656e65726174657c693a313634303631383437393b),
('bd92e0b4ee24c754148da991dfaed884580a0246', '::1', 1640618479, ''),
('8c662600e624c8d5f54f9ec363e645cfaee88398', '::1', 1640618529, 0x5f5f63695f6c6173745f726567656e65726174657c693a313634303631383532393b),
('8d62dbd8278fe21be224f97e0563e60eaa9098a5', '::1', 1640618529, ''),
('18464dcf2fb6ee4d69eca6b72c16ad818d79136c', '::1', 1640618545, 0x5f5f63695f6c6173745f726567656e65726174657c693a313634303631383534353b),
('109a0d0332ff96245cdaf9fbde51376c84ff6e43', '::1', 1640618545, ''),
('274da2b127c5be24105de2e782b12a8d72fa5527', '::1', 1640618587, 0x5f5f63695f6c6173745f726567656e65726174657c693a313634303631383538373b),
('ff2cbc0643866fe3a2445b015f1bbb32c42803f0', '::1', 1640618587, ''),
('cc05315e74d91bd60eef452cb601313c6e74a1f2', '::1', 1640618619, 0x5f5f63695f6c6173745f726567656e65726174657c693a313634303631383631393b),
('a2a0cd3871da8069296cf4c1d1990d032de67f94', '::1', 1640618620, ''),
('68254ed769918bb916608990a306a3e6b018ed40', '::1', 1640618700, 0x5f5f63695f6c6173745f726567656e65726174657c693a313634303631383730303b),
('dd4ec806d59ef46c940717f333eb5cc4f448a439', '::1', 1640618700, ''),
('9ec2e1415c9a928ac270bcfb69100145ad9d2f74', '::1', 1640618709, 0x5f5f63695f6c6173745f726567656e65726174657c693a313634303631383730393b),
('59996310d2316dbcd42774e271c3e93160c9ef14', '::1', 1640618709, ''),
('4c845ee9f5f1a6a42ae373db02d88c6791727c28', '::1', 1640618712, ''),
('4372a56dead7b6fe006969a9b918338712d164b6', '::1', 1640618916, 0x5f5f63695f6c6173745f726567656e65726174657c693a313634303631383931363b),
('fe25bed3bbea0c137fd9df190ac1ceb856f8c356', '::1', 1640618916, ''),
('be76a5288519b162f35b4e6e0f1b3ebf5ef4a2e7', '::1', 1640618925, 0x5f5f63695f6c6173745f726567656e65726174657c693a313634303631383932353b),
('966c2930daf5882dd98c9845295d08f0ff649e98', '::1', 1640618926, ''),
('66fd8fd6c7525b1b2e1c3eaff02debe2864c87b4', '::1', 1640618940, 0x5f5f63695f6c6173745f726567656e65726174657c693a313634303631383934303b),
('790c975f0aa51392ecc8b6f37bc1e8c84ccb422e', '::1', 1640619345, 0x5f5f63695f6c6173745f726567656e65726174657c693a313634303631393334353b69647c733a313a2231223b6e616d617c733a353a2261646d696e223b757365726e616d657c733a353a2261646d696e223b70617373776f72647c733a36303a22243279243130246f7a796372757975567868654f786d4c6363496f642e68417071616b4257596664375839474c43617341672e6b4d51305070464247223b69735f6163746976657c733a323a225961223b637265617465645f61747c733a31393a22323032312d31322d32342031323a30303a3434223b726f6c65737c613a313a7b693a303b733a353a2241646d696e223b7d),
('52978fc695f9782dff79309727ade2bb081fe5e8', '::1', 1640618948, 0x5f5f63695f6c6173745f726567656e65726174657c693a313634303631383934383b),
('db65fc6466bf48f9a4150c94a97346e8f3694528', '::1', 1640619009, 0x5f5f63695f6c6173745f726567656e65726174657c693a313634303631393030393b),
('039e818754a08ef5354777b7f90da759ba287062', '::1', 1640619009, ''),
('ba0f71dccee5723947f97938df9f98ae7160a9a6', '::1', 1640619100, 0x5f5f63695f6c6173745f726567656e65726174657c693a313634303631393130303b),
('6aedf9e109276fdf35b821eed55b7bb9801caaf9', '::1', 1640619100, ''),
('3c693dfeb01c78c651b0381304ff6154ad315a8f', '::1', 1640619656, 0x5f5f63695f6c6173745f726567656e65726174657c693a313634303631393635363b69647c733a313a2231223b6e616d617c733a353a2261646d696e223b757365726e616d657c733a353a2261646d696e223b70617373776f72647c733a36303a22243279243130246f7a796372757975567868654f786d4c6363496f642e68417071616b4257596664375839474c43617341672e6b4d51305070464247223b69735f6163746976657c733a323a225961223b637265617465645f61747c733a31393a22323032312d31322d32342031323a30303a3434223b726f6c65737c613a313a7b693a303b733a353a2241646d696e223b7d),
('518b4f6d8624e316793502ddc99b040293fd0d6a', '::1', 1640620220, 0x5f5f63695f6c6173745f726567656e65726174657c693a313634303632303232303b69647c733a313a2231223b6e616d617c733a353a2261646d696e223b757365726e616d657c733a353a2261646d696e223b70617373776f72647c733a36303a22243279243130246f7a796372757975567868654f786d4c6363496f642e68417071616b4257596664375839474c43617341672e6b4d51305070464247223b69735f6163746976657c733a323a225961223b637265617465645f61747c733a31393a22323032312d31322d32342031323a30303a3434223b726f6c65737c613a313a7b693a303b733a353a2241646d696e223b7d),
('7d5d5321639ad1e8c25b6f3b9ac54edd547b54e0', '::1', 1640620537, 0x5f5f63695f6c6173745f726567656e65726174657c693a313634303632303533373b69647c733a313a2231223b6e616d617c733a353a2261646d696e223b757365726e616d657c733a353a2261646d696e223b70617373776f72647c733a36303a22243279243130246f7a796372757975567868654f786d4c6363496f642e68417071616b4257596664375839474c43617341672e6b4d51305070464247223b69735f6163746976657c733a323a225961223b637265617465645f61747c733a31393a22323032312d31322d32342031323a30303a3434223b726f6c65737c613a313a7b693a303b733a353a2241646d696e223b7d),
('a19bf98eb19c8fc5c263b10596be90665758afc1', '::1', 1640620854, 0x5f5f63695f6c6173745f726567656e65726174657c693a313634303632303835343b69647c733a313a2231223b6e616d617c733a353a2261646d696e223b757365726e616d657c733a353a2261646d696e223b70617373776f72647c733a36303a22243279243130246f7a796372757975567868654f786d4c6363496f642e68417071616b4257596664375839474c43617341672e6b4d51305070464247223b69735f6163746976657c733a323a225961223b637265617465645f61747c733a31393a22323032312d31322d32342031323a30303a3434223b726f6c65737c613a313a7b693a303b733a353a2241646d696e223b7d),
('a2b7e00eeda4723d5a7e61802f2e25bb316ebb0a', '::1', 1640621537, 0x5f5f63695f6c6173745f726567656e65726174657c693a313634303632313533373b69647c733a313a2231223b6e616d617c733a353a2261646d696e223b757365726e616d657c733a353a2261646d696e223b70617373776f72647c733a36303a22243279243130246f7a796372757975567868654f786d4c6363496f642e68417071616b4257596664375839474c43617341672e6b4d51305070464247223b69735f6163746976657c733a323a225961223b637265617465645f61747c733a31393a22323032312d31322d32342031323a30303a3434223b726f6c65737c613a313a7b693a303b733a353a2241646d696e223b7d),
('c8e810bedfb818d68327d0c3170264e93d471088', '::1', 1640621536, 0x5f5f63695f6c6173745f726567656e65726174657c693a313634303632313533363b),
('912c9e6070d698f0ef43a625fd0adadc0dd31ea0', '::1', 1640621536, ''),
('a0d90c0977a9a0feb025267539fb946d5ca491b6', '::1', 1640621536, 0x5f5f63695f6c6173745f726567656e65726174657c693a313634303632313533363b),
('7f0c1face8775447cea80d3548712abc49dad8cb', '::1', 1640621900, 0x5f5f63695f6c6173745f726567656e65726174657c693a313634303632313930303b69647c733a313a2231223b6e616d617c733a353a2261646d696e223b757365726e616d657c733a353a2261646d696e223b70617373776f72647c733a36303a22243279243130246f7a796372757975567868654f786d4c6363496f642e68417071616b4257596664375839474c43617341672e6b4d51305070464247223b69735f6163746976657c733a323a225961223b637265617465645f61747c733a31393a22323032312d31322d32342031323a30303a3434223b726f6c65737c613a313a7b693a303b733a353a2241646d696e223b7d),
('39021d41c5ed0d79c32b6979d2567fa679f9be1a', '::1', 1640621542, 0x5f5f63695f6c6173745f726567656e65726174657c693a313634303632313534323b),
('066cca79b1ea59ebf3fdb8973dbb97e848e88158', '::1', 1640621542, ''),
('8ea0fdffda3dd1b4cabce7fc5d010005a7fbd8c7', '::1', 1640621547, 0x5f5f63695f6c6173745f726567656e65726174657c693a313634303632313534373b),
('7cb00199c3a91ff01b781b3d2aec589bce7aee35', '::1', 1640621547, ''),
('80dce55fc6db16e940fa454ab811e647584bfe19', '::1', 1640621617, 0x5f5f63695f6c6173745f726567656e65726174657c693a313634303632313631373b),
('c413e7ba6bef52891e2b345d20a7028af7dfd711', '::1', 1640621617, ''),
('6d839ac063c49aa796ea0c6448dc67704fa05eca', '::1', 1640621620, 0x5f5f63695f6c6173745f726567656e65726174657c693a313634303632313632303b),
('cfd680b5938ce80f2df62a5aea60c186efb02b93', '::1', 1640621620, ''),
('c34698b653d9fcabe6992b1982eb27cc65feb0ad', '::1', 1640621634, 0x5f5f63695f6c6173745f726567656e65726174657c693a313634303632313633343b),
('3f00b7c5aa39fe969f95a63a810e6fdf82107734', '::1', 1640621634, ''),
('32f5e346595ef8723e3cb2aa89c5eedfdac613cc', '::1', 1640621636, 0x5f5f63695f6c6173745f726567656e65726174657c693a313634303632313633363b),
('2feaf0a8266ce9d0d8144c7f20c4e79a3a8f0362', '::1', 1640621636, ''),
('f55fa3722b95ce5a31b8be1abd7ab792d740369b', '::1', 1640621666, 0x5f5f63695f6c6173745f726567656e65726174657c693a313634303632313636363b),
('d3e7ece7756e4aa8979fe91ae1fde08a3fc9fff5', '::1', 1640621666, ''),
('66c3d39e81b4fd6a7e574c3c8a542254569c0fd5', '::1', 1640621669, 0x5f5f63695f6c6173745f726567656e65726174657c693a313634303632313636393b),
('5fef50e0477d66ad622e5f70ff3666f0e8828843', '::1', 1640621669, ''),
('56139777806e362d4f5cc8b2033f9ff74e9cae7c', '::1', 1640621669, ''),
('aefb085a7e52f3a2e5920db4b87f11fafb0326cf', '::1', 1640621692, 0x5f5f63695f6c6173745f726567656e65726174657c693a313634303632313639323b),
('054455089fa4e477ab6484baec40e21f2c69a4d2', '::1', 1640621692, ''),
('35d353f7d98fb176a5c4685df17175f6e4fc55d7', '::1', 1640621692, 0x5f5f63695f6c6173745f726567656e65726174657c693a313634303632313639323b),
('91a57d88f9306869c936edc9f581cebb7131df9b', '::1', 1640621722, 0x5f5f63695f6c6173745f726567656e65726174657c693a313634303632313732323b),
('4df48f9728ea4f0a898fc9fd275804935f2d39e5', '::1', 1640621737, 0x5f5f63695f6c6173745f726567656e65726174657c693a313634303632313733373b),
('9cbab59fb271a9372a56ae298d830c7f2f065ed5', '::1', 1640621737, ''),
('5320aade8cf5e92adc81604f65bade27c676e911', '::1', 1640621744, 0x5f5f63695f6c6173745f726567656e65726174657c693a313634303632313734343b),
('0ccb949f6135d508bc15ead4fb5a56dd9cf90661', '::1', 1640621866, 0x5f5f63695f6c6173745f726567656e65726174657c693a313634303632313836363b),
('8aac290194c1a53c5445840042c56e650a45b174', '::1', 1640655510, 0x5f5f63695f6c6173745f726567656e65726174657c693a313634303635353531303b69647c733a313a2231223b6e616d617c733a353a2261646d696e223b757365726e616d657c733a353a2261646d696e223b70617373776f72647c733a36303a22243279243130246f7a796372757975567868654f786d4c6363496f642e68417071616b4257596664375839474c43617341672e6b4d51305070464247223b69735f6163746976657c733a323a225961223b637265617465645f61747c733a31393a22323032312d31322d32342031323a30303a3434223b726f6c65737c613a313a7b693a303b733a353a2241646d696e223b7d),
('8f81d2e6bc36e1c666f4bfa77cd033c02428ff38', '::1', 1640655826, 0x5f5f63695f6c6173745f726567656e65726174657c693a313634303635353832363b69647c733a313a2231223b6e616d617c733a353a2261646d696e223b757365726e616d657c733a353a2261646d696e223b70617373776f72647c733a36303a22243279243130246f7a796372757975567868654f786d4c6363496f642e68417071616b4257596664375839474c43617341672e6b4d51305070464247223b69735f6163746976657c733a323a225961223b637265617465645f61747c733a31393a22323032312d31322d32342031323a30303a3434223b726f6c65737c613a313a7b693a303b733a353a2241646d696e223b7d),
('343df01f83c2c658fe965596f6663eaa0399a532', '::1', 1640656768, 0x5f5f63695f6c6173745f726567656e65726174657c693a313634303635363736383b69647c733a313a2231223b6e616d617c733a353a2261646d696e223b757365726e616d657c733a353a2261646d696e223b70617373776f72647c733a36303a22243279243130246f7a796372757975567868654f786d4c6363496f642e68417071616b4257596664375839474c43617341672e6b4d51305070464247223b69735f6163746976657c733a323a225961223b637265617465645f61747c733a31393a22323032312d31322d32342031323a30303a3434223b726f6c65737c613a313a7b693a303b733a353a2241646d696e223b7d),
('7407b290e1f27a50992d349f9c78a1315e23f626', '::1', 1640655833, 0x5f5f63695f6c6173745f726567656e65726174657c693a313634303635353833333b),
('7f4daa18b86160800191bb6dc07c4dda2dbbe4be', '::1', 1640656768, 0x5f5f63695f6c6173745f726567656e65726174657c693a313634303635363736383b),
('12c9acf37669dfeb93bab54a60144e2ca685d558', '::1', 1640656768, 0x5f5f63695f6c6173745f726567656e65726174657c693a313634303635363736383b69647c733a313a2231223b6e616d617c733a353a2261646d696e223b757365726e616d657c733a353a2261646d696e223b70617373776f72647c733a36303a22243279243130246f7a796372757975567868654f786d4c6363496f642e68417071616b4257596664375839474c43617341672e6b4d51305070464247223b69735f6163746976657c733a323a225961223b637265617465645f61747c733a31393a22323032312d31322d32342031323a30303a3434223b726f6c65737c613a313a7b693a303b733a353a2241646d696e223b7d),
('d9f61709f21011041c0220e07e3e33cf89e8ebc6', '::1', 1640656945, 0x5f5f63695f6c6173745f726567656e65726174657c693a313634303635363934353b),
('568687fb58d815de5d25dc7f171cc418fefda1a3', '::1', 1640656945, ''),
('8e9ed10fde5f21eb57399482a6ed3ce5b901f8a4', '::1', 1640656947, 0x5f5f63695f6c6173745f726567656e65726174657c693a313634303635363934373b),
('d5e897ccd7f1f890bb188e7a26b90946245864ff', '::1', 1640656947, '');

-- --------------------------------------------------------

--
-- Table structure for table `tb_absensi`
--

CREATE TABLE `tb_absensi` (
  `id` int(100) NOT NULL,
  `pegawai_id` int(100) NOT NULL,
  `opd_id` int(100) DEFAULT NULL,
  `jam` datetime DEFAULT NULL,
  `jenis_absen` varchar(100) NOT NULL,
  `keterangan` text DEFAULT NULL,
  `file_absensi` text DEFAULT NULL,
  `status` int(5) DEFAULT NULL,
  `is_susulan` enum('Ya') DEFAULT NULL,
  `access_key` text DEFAULT NULL,
  `approved_by` int(100) DEFAULT NULL,
  `approved_at` datetime DEFAULT NULL,
  `created_at` datetime NOT NULL DEFAULT current_timestamp()
) ENGINE=InnoDB DEFAULT CHARSET=latin1;

--
-- Dumping data for table `tb_absensi`
--

INSERT INTO `tb_absensi` (`id`, `pegawai_id`, `opd_id`, `jam`, `jenis_absen`, `keterangan`, `file_absensi`, `status`, `is_susulan`, `access_key`, `approved_by`, `approved_at`, `created_at`) VALUES
(1, 3, 1, '2021-12-27 07:27:57', 'Absen Masuk', NULL, NULL, 1, NULL, NULL, NULL, '2021-12-27 06:27:57', '2021-12-27 13:28:27'),
(2, 3, 1, '2021-12-27 12:27:57', 'Absen Istirahat', NULL, NULL, 1, NULL, NULL, NULL, '2021-12-27 06:27:57', '2021-12-27 13:28:27'),
(3, 3, 1, '2021-12-27 13:47:57', 'Absen Selesai Istirahat', NULL, NULL, 1, NULL, NULL, NULL, '2021-12-27 06:27:57', '2021-12-27 13:28:27'),
(4, 3, 1, '2021-12-27 14:47:57', 'Absen Pulang', NULL, NULL, 1, NULL, NULL, NULL, '2021-12-27 06:27:57', '2021-12-27 13:28:27'),
(5, 4, 1, '2021-12-28 08:39:17', 'Absen Masuk', NULL, 'file_absen/1640655557.png', 1, NULL, NULL, NULL, NULL, '2021-12-28 08:39:17'),
(6, 4, 1, '2021-12-28 08:41:13', 'Absen Istirahat', NULL, 'file_absen/1640655673.png', 1, NULL, NULL, NULL, NULL, '2021-12-28 08:41:13'),
(7, 4, 1, '2021-12-28 08:43:46', 'Absen Masuk', NULL, 'file_absen/1640655826.png', 1, NULL, NULL, NULL, NULL, '2021-12-28 08:43:46');

-- --------------------------------------------------------

--
-- Table structure for table `tb_absen_manual`
--

CREATE TABLE `tb_absen_manual` (
  `id` int(11) NOT NULL,
  `tanggal` date NOT NULL,
  `pegawai_id` int(11) NOT NULL,
  `jenis_pegawai` varchar(50) NOT NULL,
  `skpd_id` int(100) NOT NULL,
  `jenis_absen` varchar(20) NOT NULL,
  `lampiran_amp` text DEFAULT NULL,
  `lampiran_ams` text DEFAULT NULL,
  `status` int(100) DEFAULT NULL,
  `aproved_by` int(100) DEFAULT NULL,
  `aproved_at` int(100) DEFAULT NULL,
  `keterangan` text DEFAULT NULL,
  `created_by` int(100) DEFAULT NULL,
  `created_at` datetime DEFAULT current_timestamp()
) ENGINE=InnoDB DEFAULT CHARSET=latin1;

-- --------------------------------------------------------

--
-- Table structure for table `tb_absen_wajah`
--

CREATE TABLE `tb_absen_wajah` (
  `id` int(100) NOT NULL,
  `pegawai_id` int(100) NOT NULL,
  `jenis_pegawai` varchar(50) NOT NULL,
  `skpd_id` int(100) NOT NULL,
  `tanggal` date DEFAULT NULL,
  `jam_masuk` varchar(40) DEFAULT NULL,
  `jam_istirahat` varchar(40) DEFAULT NULL,
  `jam_pulang` varchar(40) DEFAULT NULL,
  `created_at` datetime NOT NULL DEFAULT current_timestamp(),
  `updatet_at` datetime NOT NULL DEFAULT current_timestamp(),
  `created_by_ip` varchar(50) NOT NULL
) ENGINE=InnoDB DEFAULT CHARSET=latin1;

-- --------------------------------------------------------

--
-- Table structure for table `tb_izin_kerja`
--

CREATE TABLE `tb_izin_kerja` (
  `id` int(100) NOT NULL,
  `pegawai_id` int(100) NOT NULL,
  `opd_id` int(100) NOT NULL,
  `tanggal_awal` date NOT NULL,
  `tanggal_akhir` date NOT NULL,
  `jenis_izin` varchar(200) NOT NULL,
  `file_izin` text NOT NULL,
  `status` int(100) DEFAULT NULL,
  `access_key` text DEFAULT NULL,
  `aproved_by` int(100) DEFAULT NULL,
  `created_at` datetime NOT NULL DEFAULT current_timestamp()
) ENGINE=InnoDB DEFAULT CHARSET=latin1;

--
-- Dumping data for table `tb_izin_kerja`
--

INSERT INTO `tb_izin_kerja` (`id`, `pegawai_id`, `opd_id`, `tanggal_awal`, `tanggal_akhir`, `jenis_izin`, `file_izin`, `status`, `access_key`, `aproved_by`, `created_at`) VALUES
(2, 4, 2, '2021-12-27', '2021-12-28', 'Urusan Keluarga', 'izin_kerja/4-1640617003_1602590064.png', 0, '95093-384d1ee', 2, '2021-12-27 21:56:44');

-- --------------------------------------------------------

--
-- Table structure for table `tb_jabatan_golongan`
--

CREATE TABLE `tb_jabatan_golongan` (
  `id` int(11) NOT NULL,
  `nama_golongan` varchar(200) NOT NULL,
  `pph` varchar(5) NOT NULL,
  `deleted` enum('Ya') DEFAULT NULL
) ENGINE=InnoDB DEFAULT CHARSET=latin1;

-- --------------------------------------------------------

--
-- Table structure for table `tb_jam_kerja`
--

CREATE TABLE `tb_jam_kerja` (
  `id` int(11) NOT NULL,
  `is_default` int(11) DEFAULT NULL,
  `nama_jam_kerja` varchar(300) NOT NULL,
  `deleted` int(1) DEFAULT NULL,
  `created_at` datetime NOT NULL DEFAULT current_timestamp()
) ENGINE=InnoDB DEFAULT CHARSET=latin1;

--
-- Dumping data for table `tb_jam_kerja`
--

INSERT INTO `tb_jam_kerja` (`id`, `is_default`, `nama_jam_kerja`, `deleted`, `created_at`) VALUES
(1, NULL, 'Normal', NULL, '2021-12-25 10:37:06');

-- --------------------------------------------------------

--
-- Table structure for table `tb_jam_kerja_meta`
--

CREATE TABLE `tb_jam_kerja_meta` (
  `id` int(11) NOT NULL,
  `jam_kerja_id` int(100) NOT NULL,
  `hari` int(20) NOT NULL,
  `jam_awal_masuk` time DEFAULT NULL,
  `jam_akhir_masuk` time DEFAULT NULL,
  `jam_awal_pulang` time DEFAULT NULL,
  `jam_akhir_pulang` time DEFAULT NULL,
  `jam_awal_istirahat` time DEFAULT NULL,
  `jam_akhir_istirahat` time DEFAULT NULL,
  `jam_awal_selesai_istirahat` time DEFAULT NULL,
  `jam_akhir_selesai_istirahat` time DEFAULT NULL,
  `created_at` timestamp NULL DEFAULT current_timestamp()
) ENGINE=InnoDB DEFAULT CHARSET=latin1;

--
-- Dumping data for table `tb_jam_kerja_meta`
--

INSERT INTO `tb_jam_kerja_meta` (`id`, `jam_kerja_id`, `hari`, `jam_awal_masuk`, `jam_akhir_masuk`, `jam_awal_pulang`, `jam_akhir_pulang`, `jam_awal_istirahat`, `jam_akhir_istirahat`, `jam_awal_selesai_istirahat`, `jam_akhir_selesai_istirahat`, `created_at`) VALUES
(4, 1, 1, '07:00:00', '08:00:00', '16:30:00', '18:00:00', '12:00:00', '12:30:00', '13:30:00', '14:00:00', '2021-12-27 06:49:04'),
(5, 1, 2, '07:00:00', '08:00:00', '16:30:00', '18:00:00', NULL, NULL, NULL, NULL, '2021-12-27 06:49:04');

-- --------------------------------------------------------

--
-- Table structure for table `tb_jam_kerja_new`
--

CREATE TABLE `tb_jam_kerja_new` (
  `id` int(100) NOT NULL,
  `nama_jam_kerja` varchar(200) NOT NULL,
  `opd_id` int(100) DEFAULT NULL,
  `nama_opd` varchar(200) DEFAULT NULL,
  `jam_awal_masuk` time DEFAULT NULL,
  `jam_akhir_masuk` time DEFAULT NULL,
  `jam_awal_pulang` time DEFAULT NULL,
  `jam_akhir_pulang` time DEFAULT NULL,
  `jam_awal_istirahat` time DEFAULT NULL,
  `jam_akhir_istirahat` time DEFAULT NULL,
  `jam_awal_selesai_istirahat` time DEFAULT NULL,
  `jam_akhir_selesai_istirahat` time DEFAULT NULL,
  `deleted` int(20) DEFAULT NULL,
  `created_at` datetime NOT NULL DEFAULT current_timestamp()
) ENGINE=InnoDB DEFAULT CHARSET=utf8mb4;

--
-- Dumping data for table `tb_jam_kerja_new`
--

INSERT INTO `tb_jam_kerja_new` (`id`, `nama_jam_kerja`, `opd_id`, `nama_opd`, `jam_awal_masuk`, `jam_akhir_masuk`, `jam_awal_pulang`, `jam_akhir_pulang`, `jam_awal_istirahat`, `jam_akhir_istirahat`, `jam_awal_selesai_istirahat`, `jam_akhir_selesai_istirahat`, `deleted`, `created_at`) VALUES
(1, 'PERCOBAAN (DAY 1)', 1, 'Dinas Pendidikan', '06:00:00', '08:00:00', '12:00:00', '01:01:00', NULL, NULL, NULL, NULL, NULL, '2021-12-27 11:55:52');

-- --------------------------------------------------------

--
-- Table structure for table `tb_jam_kerja_pegawai`
--

CREATE TABLE `tb_jam_kerja_pegawai` (
  `id` int(100) NOT NULL,
  `pegawai_id` int(100) NOT NULL,
  `jenis_pegawai` varchar(100) NOT NULL,
  `tanggal` date NOT NULL,
  `jam_kerja_id` int(100) DEFAULT NULL,
  `created_at` datetime NOT NULL DEFAULT current_timestamp()
) ENGINE=InnoDB DEFAULT CHARSET=latin1;

--
-- Dumping data for table `tb_jam_kerja_pegawai`
--

INSERT INTO `tb_jam_kerja_pegawai` (`id`, `pegawai_id`, `jenis_pegawai`, `tanggal`, `jam_kerja_id`, `created_at`) VALUES
(9, 3, '', '2021-12-01', 1, '2021-12-27 12:11:11'),
(10, 3, '', '2021-12-02', NULL, '2021-12-27 12:11:11'),
(11, 3, '', '2021-12-03', NULL, '2021-12-27 12:11:12');

-- --------------------------------------------------------

--
-- Table structure for table `tb_kordinat`
--

CREATE TABLE `tb_kordinat` (
  `id` int(100) NOT NULL,
  `skpd_id` int(100) NOT NULL,
  `latitude` varchar(300) NOT NULL,
  `longitude` varchar(300) NOT NULL,
  `radius` varchar(300) NOT NULL,
  `updated_at` datetime NOT NULL DEFAULT current_timestamp()
) ENGINE=InnoDB DEFAULT CHARSET=latin1;

--
-- Dumping data for table `tb_kordinat`
--

INSERT INTO `tb_kordinat` (`id`, `skpd_id`, `latitude`, `longitude`, `radius`, `updated_at`) VALUES
(1, 2, '1', '1', '100', '2021-12-24 09:13:51');

-- --------------------------------------------------------

--
-- Table structure for table `tb_kordinat_tambahan`
--

CREATE TABLE `tb_kordinat_tambahan` (
  `id` int(100) NOT NULL,
  `skpd_id` int(100) NOT NULL,
  `nama_skpd` varchar(200) NOT NULL,
  `nama_kordinat` varchar(200) NOT NULL,
  `latitude` varchar(200) NOT NULL,
  `longitude` varchar(200) NOT NULL,
  `radius` varchar(200) NOT NULL,
  `created_at` datetime NOT NULL DEFAULT current_timestamp()
) ENGINE=InnoDB DEFAULT CHARSET=latin1;

--
-- Dumping data for table `tb_kordinat_tambahan`
--

INSERT INTO `tb_kordinat_tambahan` (`id`, `skpd_id`, `nama_skpd`, `nama_kordinat`, `latitude`, `longitude`, `radius`, `created_at`) VALUES
(1, 2, 'Dinas Kesehatan', 'Check Point', '2', '99', '100', '2021-12-24 11:40:15');

-- --------------------------------------------------------

--
-- Table structure for table `tb_menu`
--

CREATE TABLE `tb_menu` (
  `id` int(11) NOT NULL,
  `website_id` int(11) NOT NULL,
  `parent_id` int(11) DEFAULT NULL,
  `urutan` int(11) DEFAULT NULL,
  `nama_menu` varchar(300) NOT NULL,
  `url` varchar(200) NOT NULL,
  `icon` varchar(200) DEFAULT NULL,
  `is_actived` int(11) DEFAULT NULL,
  `created_at` datetime NOT NULL DEFAULT current_timestamp()
) ENGINE=InnoDB DEFAULT CHARSET=utf8mb4;

-- --------------------------------------------------------

--
-- Table structure for table `tb_opd`
--

CREATE TABLE `tb_opd` (
  `id` int(11) NOT NULL,
  `nama_opd` text NOT NULL,
  `singkatan` varchar(300) DEFAULT NULL,
  `alamat` text NOT NULL,
  `radius` text DEFAULT NULL,
  `longitude` text DEFAULT NULL,
  `latitude` text DEFAULT NULL
) ENGINE=InnoDB DEFAULT CHARSET=latin1;

--
-- Dumping data for table `tb_opd`
--

INSERT INTO `tb_opd` (`id`, `nama_opd`, `singkatan`, `alamat`, `radius`, `longitude`, `latitude`) VALUES
(1, 'Dinas Pendidikan', 'Disdik', '', NULL, NULL, NULL),
(2, 'Dinas Kesehatan', 'Dinkes', '', NULL, NULL, NULL),
(3, 'Puskesmas 1', 'Puskesmas 1', '', NULL, NULL, NULL),
(4, 'Puskesmas 2', 'Puskesmas 2', '', NULL, NULL, NULL),
(5, 'SDN 1', 'SDN 1', '', NULL, NULL, NULL);

-- --------------------------------------------------------

--
-- Table structure for table `tb_pegawai`
--

CREATE TABLE `tb_pegawai` (
  `id` bigint(20) NOT NULL,
  `nama` varchar(50) NOT NULL,
  `nip` varchar(20) NOT NULL,
  `opd_id` int(11) NOT NULL,
  `jabatan` longtext DEFAULT NULL,
  `kepala` smallint(6) DEFAULT 0,
  `cpns` smallint(6) DEFAULT 0,
  `plt` int(11) DEFAULT 0,
  `kategori_pegawai` varchar(10) DEFAULT 'pegawai',
  `bendahara` smallint(6) DEFAULT 0,
  `foto` varchar(100) NOT NULL,
  `user_id` int(11) DEFAULT NULL
) ENGINE=InnoDB DEFAULT CHARSET=latin1;

--
-- Dumping data for table `tb_pegawai`
--

INSERT INTO `tb_pegawai` (`id`, `nama`, `nip`, `opd_id`, `jabatan`, `kepala`, `cpns`, `plt`, `kategori_pegawai`, `bendahara`, `foto`, `user_id`) VALUES
(2, 'Edy Kurniawan', '1721172117211721', 1, 'Kepala Dinas', 0, 0, 0, 'pegawai', 0, 'foto/1640580543.', 5),
(3, 'Admin', 'admin', 1, 'Admin Komputer', 0, 0, 0, 'pegawai', 0, 'foto/1640580543.', 1),
(4, 'Hamzah Fauzy', '112233', 1, 'Staff', 0, 0, 0, 'pegawai', 0, 'foto/1640620990.jpg', 6);

-- --------------------------------------------------------

--
-- Table structure for table `tb_pegawai_atasan`
--

CREATE TABLE `tb_pegawai_atasan` (
  `id` int(100) NOT NULL,
  `pegawai_id` int(100) NOT NULL,
  `pegawai_atasan_id` int(100) NOT NULL
) ENGINE=InnoDB DEFAULT CHARSET=latin1;

--
-- Dumping data for table `tb_pegawai_atasan`
--

INSERT INTO `tb_pegawai_atasan` (`id`, `pegawai_id`, `pegawai_atasan_id`) VALUES
(2, 4, 2);

-- --------------------------------------------------------

--
-- Table structure for table `tb_pegawai_meta`
--

CREATE TABLE `tb_pegawai_meta` (
  `id` int(11) NOT NULL,
  `nip` text DEFAULT NULL,
  `pegawai_id` text NOT NULL,
  `jenis_pegawai` text NOT NULL,
  `no_hp` text DEFAULT NULL,
  `password` text NOT NULL
) ENGINE=InnoDB DEFAULT CHARSET=latin1;

-- --------------------------------------------------------

--
-- Table structure for table `tb_rekap_absen`
--

CREATE TABLE `tb_rekap_absen` (
  `id` int(100) NOT NULL,
  `opd_id` int(100) NOT NULL,
  `skpd_id` int(100) DEFAULT NULL,
  `pegawai_id` int(100) NOT NULL,
  `jenis_pegawai` enum('pegawai','tks') NOT NULL,
  `nama_opd` varchar(300) DEFAULT NULL,
  `nama_skpd` varchar(300) DEFAULT NULL,
  `nama_pegawai` varchar(300) DEFAULT NULL,
  `bulan` varchar(20) NOT NULL,
  `JHK` int(11) NOT NULL,
  `AI` int(11) NOT NULL,
  `ASI` int(11) NOT NULL,
  `AMP` int(11) NOT NULL,
  `AMS` int(11) NOT NULL,
  `AMI` int(11) NOT NULL,
  `AMSI` int(11) NOT NULL,
  `AU` int(11) NOT NULL,
  `TDHE1` int(11) NOT NULL,
  `TDHE2` int(11) NOT NULL,
  `TM1` int(11) NOT NULL,
  `TM2` int(11) NOT NULL,
  `TM3` int(11) NOT NULL,
  `TM4` int(11) NOT NULL,
  `TM5` int(11) NOT NULL,
  `ILA1` int(11) NOT NULL,
  `ILA2` int(11) NOT NULL,
  `ILA3` int(11) NOT NULL,
  `ILA4` int(11) NOT NULL,
  `ILA5` int(11) NOT NULL,
  `TMSI1` int(11) NOT NULL,
  `TMSI2` int(11) NOT NULL,
  `TMSI3` int(11) NOT NULL,
  `TMSI4` int(11) NOT NULL,
  `TMSI5` int(11) NOT NULL,
  `PLA1` int(11) NOT NULL,
  `PLA2` int(11) NOT NULL,
  `PLA3` int(11) NOT NULL,
  `PLA4` int(11) NOT NULL,
  `PLA5` int(11) NOT NULL,
  `TAU` int(11) NOT NULL,
  `TMK` int(11) NOT NULL,
  `H` int(11) NOT NULL,
  `I` int(11) NOT NULL,
  `S` int(11) NOT NULL,
  `DL` int(11) NOT NULL,
  `status` enum('disetujui','ditolak') DEFAULT NULL,
  `approved_by` int(100) DEFAULT NULL,
  `approved_by_nama` varchar(300) DEFAULT NULL,
  `approved_at` datetime DEFAULT NULL,
  `created_by` int(100) NOT NULL,
  `created_at` datetime NOT NULL DEFAULT current_timestamp()
) ENGINE=InnoDB DEFAULT CHARSET=latin1;

-- --------------------------------------------------------

--
-- Table structure for table `tb_roles`
--

CREATE TABLE `tb_roles` (
  `id` int(11) NOT NULL,
  `nama` varchar(100) NOT NULL
) ENGINE=InnoDB DEFAULT CHARSET=utf8mb4;

--
-- Dumping data for table `tb_roles`
--

INSERT INTO `tb_roles` (`id`, `nama`) VALUES
(1, 'Admin'),
(2, 'Operator OPD'),
(3, 'Pegawai');

-- --------------------------------------------------------

--
-- Table structure for table `tb_slideshow`
--

CREATE TABLE `tb_slideshow` (
  `id` int(11) NOT NULL,
  `pic` varchar(100) DEFAULT NULL,
  `url` varchar(100) DEFAULT NULL
) ENGINE=InnoDB DEFAULT CHARSET=latin1;

--
-- Dumping data for table `tb_slideshow`
--

INSERT INTO `tb_slideshow` (`id`, `pic`, `url`) VALUES
(2, 'slides/1640616967.jpg', 'https://google.com');

-- --------------------------------------------------------

--
-- Table structure for table `tb_unit_kerja`
--

CREATE TABLE `tb_unit_kerja` (
  `id` int(100) NOT NULL,
  `opd_id` int(100) NOT NULL,
  `nama_opd` varchar(300) NOT NULL,
  `skpd_id` int(100) NOT NULL,
  `nama_skpd` varchar(300) NOT NULL,
  `is_opd` enum('Ya') DEFAULT NULL,
  `created_at` datetime NOT NULL DEFAULT current_timestamp()
) ENGINE=InnoDB DEFAULT CHARSET=latin1;

--
-- Dumping data for table `tb_unit_kerja`
--

INSERT INTO `tb_unit_kerja` (`id`, `opd_id`, `nama_opd`, `skpd_id`, `nama_skpd`, `is_opd`, `created_at`) VALUES
(1, 2, 'Dinas Kesehatan', 3, 'Puskesmas 1', NULL, '2021-12-24 14:44:52'),
(2, 2, 'Dinas Kesehatan', 4, 'Puskesmas 2', NULL, '2021-12-24 14:44:52'),
(3, 1, 'Dinas Pendidikan', 5, 'SDN 1', NULL, '2021-12-24 14:46:31');

-- --------------------------------------------------------

--
-- Table structure for table `tb_upacara_libur`
--

CREATE TABLE `tb_upacara_libur` (
  `id` int(11) NOT NULL,
  `nama_hari` varchar(200) NOT NULL,
  `tanggal` date NOT NULL,
  `kategori` enum('Upacara','Libur') NOT NULL,
  `upacara_hari_libur` varchar(5) DEFAULT NULL,
  `created_at` datetime NOT NULL DEFAULT current_timestamp()
) ENGINE=InnoDB DEFAULT CHARSET=latin1;

--
-- Dumping data for table `tb_upacara_libur`
--

INSERT INTO `tb_upacara_libur` (`id`, `nama_hari`, `tanggal`, `kategori`, `upacara_hari_libur`, `created_at`) VALUES
(0, 'Upacara Bendera', '2021-12-24', 'Upacara', 'yes', '2021-12-24 17:42:22');

-- --------------------------------------------------------

--
-- Table structure for table `tb_users`
--

CREATE TABLE `tb_users` (
  `id` int(100) NOT NULL,
  `nama` varchar(300) NOT NULL,
  `username` varchar(300) NOT NULL,
  `password` varchar(300) NOT NULL,
  `is_active` enum('Ya') DEFAULT 'Ya',
  `created_at` datetime NOT NULL DEFAULT current_timestamp()
) ENGINE=InnoDB DEFAULT CHARSET=utf8mb4;

--
-- Dumping data for table `tb_users`
--

INSERT INTO `tb_users` (`id`, `nama`, `username`, `password`, `is_active`, `created_at`) VALUES
(1, 'admin', 'admin', '$2y$10$ozycruyuVxheOxmLccIod.hApqakBWYfd7X9GLCasAg.kMQ0PpFBG', 'Ya', '2021-12-24 12:00:44'),
(4, 'Hamzah Fauzi', 'fauzy', '$2y$10$/Rzcip06lWooBAKBV9UCtuyaW6Q0D4Eo4EYqT25glpS8nGaJi8iHC', 'Ya', '2021-12-25 10:17:09'),
(5, 'Edy Kurniawan', 'kurniawan_e', '$2y$10$ozycruyuVxheOxmLccIod.hApqakBWYfd7X9GLCasAg.kMQ0PpFBG', 'Ya', '2021-12-27 11:48:53'),
(6, 'Hamzah Fauzy', '270897', '$2y$10$d9rSdHKVsGsEBtsiiafMfeMO.BgNu1UpvUAjXtfkzkIjdo6y0n9wa', 'Ya', '2021-12-27 21:43:12');

-- --------------------------------------------------------

--
-- Table structure for table `tb_user_roles`
--

CREATE TABLE `tb_user_roles` (
  `id` int(11) NOT NULL,
  `user_id` int(11) NOT NULL,
  `role_id` int(11) NOT NULL
) ENGINE=InnoDB DEFAULT CHARSET=utf8mb4;

--
-- Dumping data for table `tb_user_roles`
--

INSERT INTO `tb_user_roles` (`id`, `user_id`, `role_id`) VALUES
(1, 1, 1),
(2, 4, 3),
(3, 5, 3),
(4, 6, 3);

--
-- Indexes for dumped tables
--

--
-- Indexes for table `ci_sessions`
--
ALTER TABLE `ci_sessions`
  ADD KEY `ci_sessions_timestamp` (`timestamp`);

--
-- Indexes for table `tb_absensi`
--
ALTER TABLE `tb_absensi`
  ADD PRIMARY KEY (`id`);

--
-- Indexes for table `tb_absen_manual`
--
ALTER TABLE `tb_absen_manual`
  ADD PRIMARY KEY (`id`);

--
-- Indexes for table `tb_absen_wajah`
--
ALTER TABLE `tb_absen_wajah`
  ADD PRIMARY KEY (`id`);

--
-- Indexes for table `tb_izin_kerja`
--
ALTER TABLE `tb_izin_kerja`
  ADD PRIMARY KEY (`id`);

--
-- Indexes for table `tb_jabatan_golongan`
--
ALTER TABLE `tb_jabatan_golongan`
  ADD PRIMARY KEY (`id`);

--
-- Indexes for table `tb_jam_kerja`
--
ALTER TABLE `tb_jam_kerja`
  ADD PRIMARY KEY (`id`);

--
-- Indexes for table `tb_jam_kerja_meta`
--
ALTER TABLE `tb_jam_kerja_meta`
  ADD PRIMARY KEY (`id`);

--
-- Indexes for table `tb_jam_kerja_new`
--
ALTER TABLE `tb_jam_kerja_new`
  ADD PRIMARY KEY (`id`);

--
-- Indexes for table `tb_jam_kerja_pegawai`
--
ALTER TABLE `tb_jam_kerja_pegawai`
  ADD PRIMARY KEY (`id`);

--
-- Indexes for table `tb_kordinat`
--
ALTER TABLE `tb_kordinat`
  ADD PRIMARY KEY (`id`);

--
-- Indexes for table `tb_kordinat_tambahan`
--
ALTER TABLE `tb_kordinat_tambahan`
  ADD PRIMARY KEY (`id`);

--
-- Indexes for table `tb_menu`
--
ALTER TABLE `tb_menu`
  ADD PRIMARY KEY (`id`);

--
-- Indexes for table `tb_opd`
--
ALTER TABLE `tb_opd`
  ADD PRIMARY KEY (`id`);

--
-- Indexes for table `tb_pegawai`
--
ALTER TABLE `tb_pegawai`
  ADD PRIMARY KEY (`id`);

--
-- Indexes for table `tb_pegawai_atasan`
--
ALTER TABLE `tb_pegawai_atasan`
  ADD PRIMARY KEY (`id`);

--
-- Indexes for table `tb_pegawai_meta`
--
ALTER TABLE `tb_pegawai_meta`
  ADD PRIMARY KEY (`id`);

--
-- Indexes for table `tb_rekap_absen`
--
ALTER TABLE `tb_rekap_absen`
  ADD PRIMARY KEY (`id`);

--
-- Indexes for table `tb_roles`
--
ALTER TABLE `tb_roles`
  ADD PRIMARY KEY (`id`);

--
-- Indexes for table `tb_slideshow`
--
ALTER TABLE `tb_slideshow`
  ADD PRIMARY KEY (`id`);

--
-- Indexes for table `tb_unit_kerja`
--
ALTER TABLE `tb_unit_kerja`
  ADD PRIMARY KEY (`id`);

--
-- Indexes for table `tb_upacara_libur`
--
ALTER TABLE `tb_upacara_libur`
  ADD PRIMARY KEY (`id`);

--
-- Indexes for table `tb_users`
--
ALTER TABLE `tb_users`
  ADD PRIMARY KEY (`id`);

--
-- Indexes for table `tb_user_roles`
--
ALTER TABLE `tb_user_roles`
  ADD PRIMARY KEY (`id`),
  ADD KEY `role_id` (`role_id`),
  ADD KEY `user_id` (`user_id`);

--
-- AUTO_INCREMENT for dumped tables
--

--
-- AUTO_INCREMENT for table `tb_absensi`
--
ALTER TABLE `tb_absensi`
  MODIFY `id` int(100) NOT NULL AUTO_INCREMENT, AUTO_INCREMENT=8;

--
-- AUTO_INCREMENT for table `tb_absen_manual`
--
ALTER TABLE `tb_absen_manual`
  MODIFY `id` int(11) NOT NULL AUTO_INCREMENT;

--
-- AUTO_INCREMENT for table `tb_absen_wajah`
--
ALTER TABLE `tb_absen_wajah`
  MODIFY `id` int(100) NOT NULL AUTO_INCREMENT;

--
-- AUTO_INCREMENT for table `tb_izin_kerja`
--
ALTER TABLE `tb_izin_kerja`
  MODIFY `id` int(100) NOT NULL AUTO_INCREMENT, AUTO_INCREMENT=3;

--
-- AUTO_INCREMENT for table `tb_jam_kerja`
--
ALTER TABLE `tb_jam_kerja`
  MODIFY `id` int(11) NOT NULL AUTO_INCREMENT, AUTO_INCREMENT=2;

--
-- AUTO_INCREMENT for table `tb_jam_kerja_meta`
--
ALTER TABLE `tb_jam_kerja_meta`
  MODIFY `id` int(11) NOT NULL AUTO_INCREMENT, AUTO_INCREMENT=6;

--
-- AUTO_INCREMENT for table `tb_jam_kerja_new`
--
ALTER TABLE `tb_jam_kerja_new`
  MODIFY `id` int(100) NOT NULL AUTO_INCREMENT, AUTO_INCREMENT=2;

--
-- AUTO_INCREMENT for table `tb_jam_kerja_pegawai`
--
ALTER TABLE `tb_jam_kerja_pegawai`
  MODIFY `id` int(100) NOT NULL AUTO_INCREMENT, AUTO_INCREMENT=12;

--
-- AUTO_INCREMENT for table `tb_kordinat`
--
ALTER TABLE `tb_kordinat`
  MODIFY `id` int(100) NOT NULL AUTO_INCREMENT, AUTO_INCREMENT=2;

--
-- AUTO_INCREMENT for table `tb_kordinat_tambahan`
--
ALTER TABLE `tb_kordinat_tambahan`
  MODIFY `id` int(100) NOT NULL AUTO_INCREMENT, AUTO_INCREMENT=2;

--
-- AUTO_INCREMENT for table `tb_menu`
--
ALTER TABLE `tb_menu`
  MODIFY `id` int(11) NOT NULL AUTO_INCREMENT;

--
-- AUTO_INCREMENT for table `tb_opd`
--
ALTER TABLE `tb_opd`
  MODIFY `id` int(11) NOT NULL AUTO_INCREMENT, AUTO_INCREMENT=6;

--
-- AUTO_INCREMENT for table `tb_pegawai`
--
ALTER TABLE `tb_pegawai`
  MODIFY `id` bigint(20) NOT NULL AUTO_INCREMENT, AUTO_INCREMENT=5;

--
-- AUTO_INCREMENT for table `tb_pegawai_atasan`
--
ALTER TABLE `tb_pegawai_atasan`
  MODIFY `id` int(100) NOT NULL AUTO_INCREMENT, AUTO_INCREMENT=3;

--
-- AUTO_INCREMENT for table `tb_pegawai_meta`
--
ALTER TABLE `tb_pegawai_meta`
  MODIFY `id` int(11) NOT NULL AUTO_INCREMENT;

--
-- AUTO_INCREMENT for table `tb_roles`
--
ALTER TABLE `tb_roles`
  MODIFY `id` int(11) NOT NULL AUTO_INCREMENT, AUTO_INCREMENT=4;

--
-- AUTO_INCREMENT for table `tb_slideshow`
--
ALTER TABLE `tb_slideshow`
  MODIFY `id` int(11) NOT NULL AUTO_INCREMENT, AUTO_INCREMENT=3;

--
-- AUTO_INCREMENT for table `tb_unit_kerja`
--
ALTER TABLE `tb_unit_kerja`
  MODIFY `id` int(100) NOT NULL AUTO_INCREMENT, AUTO_INCREMENT=4;

--
-- AUTO_INCREMENT for table `tb_users`
--
ALTER TABLE `tb_users`
  MODIFY `id` int(100) NOT NULL AUTO_INCREMENT, AUTO_INCREMENT=7;

--
-- AUTO_INCREMENT for table `tb_user_roles`
--
ALTER TABLE `tb_user_roles`
  MODIFY `id` int(11) NOT NULL AUTO_INCREMENT, AUTO_INCREMENT=5;

--
-- Constraints for dumped tables
--

--
-- Constraints for table `tb_user_roles`
--
ALTER TABLE `tb_user_roles`
  ADD CONSTRAINT `tb_user_roles_ibfk_1` FOREIGN KEY (`role_id`) REFERENCES `tb_roles` (`id`) ON DELETE CASCADE ON UPDATE NO ACTION,
  ADD CONSTRAINT `tb_user_roles_ibfk_2` FOREIGN KEY (`user_id`) REFERENCES `tb_users` (`id`) ON DELETE CASCADE ON UPDATE NO ACTION;
COMMIT;

/*!40101 SET CHARACTER_SET_CLIENT=@OLD_CHARACTER_SET_CLIENT */;
/*!40101 SET CHARACTER_SET_RESULTS=@OLD_CHARACTER_SET_RESULTS */;
/*!40101 SET COLLATION_CONNECTION=@OLD_COLLATION_CONNECTION */;
